Ref Stro;Póliza;Fecha apertura;Fecha siniestro;Estado;Cía. Aseguradora;Provincia;Lugar accidente;Especialidad médica;Descripción accidente;Centro médico;Diagnóstico;Actos médicos;Facturas Seg. Social S/N;Cirugía S/N;Coste estimado total;Reservas;Pagos;Total incurrido;
CICLNAV24//647763/1;EVEREST INSURANCE (IRELAND)DAC, SUCURSAL EN ESPAÑA;2024-02-17 00:00:00.000;2024-02-17 00:00:00.000;Nuevo (Pendiente de Primera Cita);EVEREST;NAVARRA;;VARIAS ESPECIALIDADES;COMPETICIÓN TAFALLA TROFEO EL CASERÍO - SE LE CAEN ENCINA EN EL VELODROMO-- DOLOR EN BRAZO DERCHA - HUMERO ROTO;VARIOS;;VARIOS;;-;;-;-;-;
CICLNAV24//647770/1;EVEREST INSURANCE (IRELAND)DAC, SUCURSAL EN ESPAÑA;2024-02-17 00:00:00.000;2024-02-17 00:00:00.000;Positivo en curso;EVEREST;NAVARRA;;VARIAS ESPECIALIDADES;cae por piedrasy raices en el suelo - se da golpe grande en todo el lateral izquierdo desde hombro a pierna;VARIOS;;VARIOS;;-;;-;-;-;
CICLGAL24//647775/1;EVEREST INSURANCE (IRELAND)DAC, SUCURSAL EN ESPAÑA;2024-02-17 00:00:00.000;2024-02-17 00:00:00.000;Positivo en curso;EVEREST;LUGO;;VARIAS ESPECIALIDADES;SE CAE Y SE GOLPE ZONA ESCAPULA -  ( NO SABEN LATERALIDAD );VARIOS;CONTUSION COSTAL/DORSAL;VARIOS;;-;420.0000;-;-;-;
CICLGAL24//647779/1;EVEREST INSURANCE (IRELAND)DAC, SUCURSAL EN ESPAÑA;2024-02-17 00:00:00.000;2024-02-17 00:00:00.000;Positivo en curso;EVEREST;CIUDAD REAL;Almagro;VARIAS ESPECIALIDADES;Carrera oficial Memorial Manuel Sanroma Almagor ciudad real. Rotura de humero con un acaida, lo llevan en ambulancia me llaman del hospital;VARIOS;;VARIOS;;-;;-;-;-;
CICLNAV24//647785/1;EVEREST INSURANCE (IRELAND)DAC, SUCURSAL EN ESPAÑA;2024-02-17 00:00:00.000;2024-02-17 00:00:00.000;Positivo en curso;EVEREST;NAVARRA;Garinoain;VARIAS ESPECIALIDADES;SE TOCÓ CON OTRO COMPAÑERO, CAYÓ Y SE HIZO DAÑO CONTRA EL SUELO EN EL CODO Y HOMBRO IZQUIERDO CON RASCAZOS Y DOLOR EN LA ESPALDA.;VARIOS;CONTUSION BRAZO/ANTEBRAZO;VARIOS;;-;250.0000;-;-;-;
CICLGAL24//647828/1;EVEREST INSURANCE (IRELAND)DAC, SUCURSAL EN ESPAÑA;2024-02-18 00:00:00.000;2024-02-18 00:00:00.000;Positivo en curso;EVEREST;LA CORUÑA;;VARIAS ESPECIALIDADES;EN UN CAMINO HABÍA UNA RAÍZ, LE RESBALÓ LA RUEDA, SALIÓ POR ENCIMA DE LA BICI Y SE CAYÓ CON LAS COSTILLAS DEL LADO IZQUIERDO;VARIOS;FRACTURA COSTILLA;VARIOS;;-;3000.0000;-;-;-;
CICLGAL24//647829/1;EVEREST INSURANCE (IRELAND)DAC, SUCURSAL EN ESPAÑA;2024-02-18 00:00:00.000;2024-02-18 00:00:00.000;Positivo en curso;EVEREST;PONTEVEDRA;Vigo;VARIAS ESPECIALIDADES;rescbala y cae con cara en suelo - queda inconsciente es pisata con obstaculos;VARIOS;CONTUSION CARA/CABEZA;VARIOS;;-;300.0000;-;-;-;
CICLNAV24//647936/1;EVEREST INSURANCE (IRELAND)DAC, SUCURSAL EN ESPAÑA;2024-02-19 00:00:00.000;2024-02-19 00:00:00.000;Positivo en curso;EVEREST;NAVARRA;Pamplona;VARIAS ESPECIALIDADES;en un monte se sale del camino y se cae hacia delante y se le engancha el pie y retuerce la rodilla derecha;VARIOS;LUXACION RODILLA;VARIOS;;-;6500.0000;-;-;-;
TAEKGAL24//648191/1;EVEREST INSURANCE (IRELAND)DAC, SUCURSAL EN ESPAÑA;2024-02-20 00:00:00.000;2024-02-20 00:00:00.000;Positivo en curso;EVEREST;MURCIA;Alcazares (Los);VARIAS ESPECIALIDADES;Le dan una patada en ingle derecha, le empieza a doler y se le inflama. Está en Murcia entrenando.;VARIOS;;VARIOS;;-;;-;-;-;
CICLGAL24//644361/1;EVEREST INSURANCE (IRELAND)DAC, SUCURSAL EN ESPAÑA;2024-02-03 00:00:00.000;2024-02-03 00:00:00.000;Nuevo (Pendiente de Primera Cita);EVEREST;LA CORUÑA;;VARIAS ESPECIALIDADES;Estaba en ruta de montaña y cayó de la bici encima del hombro izquierdo.;VARIOS;CONTUSION BRAZO/ANTEBRAZO;VARIOS;;-;250.0000;-;-;-;
CICLNAV24//644365/1;EVEREST INSURANCE (IRELAND)DAC, SUCURSAL EN ESPAÑA;2024-02-03 00:00:00.000;2024-02-03 00:00:00.000;Positivo en curso;EVEREST;NAVARRA;;VARIAS ESPECIALIDADES;Iba circulando por monte, se cayó y se clavó el manillar en costilla izquierda.;VARIOS;CONTUSION COSTAL/DORSAL;VARIOS;;-;420.0000;-;-;-;
CICLNAV24//593820/1;EVEREST INSURANCE (IRELAND)DAC, SUCURSAL EN ESPAÑA;2024-02-10 00:00:00.000;2024-02-10 00:00:00.000;Positivo en curso;EVEREST;NAVARRA;Pamplona;VARIAS ESPECIALIDADES;ENTRENAMIENTO. SE LE VA LA RUEDA DELANTERA Y SE CAE. MOLESTIAS EN LA MUÑECA MANO DERECHA;VARIOS;ESGUINCE MUÑECA/MANO;VARIOS;;-;420.0000;-;-;-;
TRIAVAS24//511909/1;EVEREST INSURANCE (IRELAND)DAC, SUCURSAL EN ESPAÑA;2024-02-19 00:00:00.000;2024-02-19 00:00:00.000;Nuevo (Pendiente de Primera Cita);EVEREST;GUIPUZCOA;Zumaia;VARIAS ESPECIALIDADES;Entrenamiento, subiendo una cuesta en bici, pierde el equilibrio y cae sobre lateral derecho del cuerpo. Acude 112 y derivan al H. Donosti, donde diagnostican de FX clavícula, contusiones en hombro, muslo y rodilla;VARIOS;FRACTURA CLAVICULA;VARIOS;;-;4650.0000;-;-;-;
CICLGAL24//644451/1;EVEREST INSURANCE (IRELAND)DAC, SUCURSAL EN ESPAÑA;2024-02-04 00:00:00.000;2024-02-04 00:00:00.000;Nuevo (Pendiente de Primera Cita);EVEREST;LA CORUÑA;Culleredo;VARIAS ESPECIALIDADES;En una recta, un coche hizo una maniobra marcha atrás para meterse en una finca o en un arcén y se para en la calzada. Él inicia maniobra para adelantar y esquivarlo y justo el vehículo reinicia la marcha y le pilla saliendo disparado.;VARIOS;CONTUSION COSTAL/DORSAL;VARIOS;;-;420.0000;-;-;-;
CICLGAL24//644478/1;EVEREST INSURANCE (IRELAND)DAC, SUCURSAL EN ESPAÑA;2024-02-04 00:00:00.000;2024-02-04 00:00:00.000;Positivo en curso;EVEREST;LA CORUÑA;Boimorto;VARIAS ESPECIALIDADES;En un descenso de varias curvas encadenadas, en una curva patinó, se le fue una de las ruedas y se cayó golpeándose en muñeca derecha y rodilla izquierda.;VARIOS;FRACTURA FALANGES, MANO;VARIOS;;-;4650.0000;-;-;-;
CICLNAV24//644483/1;EVEREST INSURANCE (IRELAND)DAC, SUCURSAL EN ESPAÑA;2024-02-04 00:00:00.000;2024-02-04 00:00:00.000;Positivo en curso;EVEREST;NAVARRA;;VARIAS ESPECIALIDADES;Se le enganchó la rueda delantera en un tronco que estaba en el suelo, dio una voltereta y se cayó. Acudió ayer urgencias hospital de Navarra (Pamplona) y tiene fx clavícula.;VARIOS;FRACTURA CLAVICULA;VARIOS;;-;4650.0000;-;-;-;
CICLGAL24//420233/1;EVEREST INSURANCE (IRELAND)DAC, SUCURSAL EN ESPAÑA;2024-01-05 00:00:00.000;2024-01-05 00:00:00.000;Positivo en curso;EVEREST;PONTEVEDRA;;VARIAS ESPECIALIDADES;En entrenamiento en barro se le va la rueda de delante, hace movimiento raro y tiene un calambre en la lumbar;VARIOS;CONTUSION RODILLA;VARIOS;;-;420.0000;-;-;-;
TRIAVAS24//280718/1;EVEREST INSURANCE (IRELAND)DAC, SUCURSAL EN ESPAÑA;2024-02-19 00:00:00.000;2024-02-19 00:00:00.000;Positivo en curso;EVEREST;VIZCAYA;;VARIAS ESPECIALIDADES;en una carrera al coger la bici se come una isleta y se cae y se hace heridas en las manos y y se golpeo con el manillar en el muslo interno de la pierna derecha;VARIOS;CONTUSION PIERNA;VARIOS;;-;420.0000;-;-;-;
NATAGAL23//633857/1;EVEREST INSURANCE (IRELAND)DAC, SUCURSAL EN ESPAÑA;2023-12-20 00:00:00.000;2023-12-20 00:00:00.000;Positivo en curso;EVEREST;LA CORUÑA;La Coruña;VARIAS ESPECIALIDADES;SE GOLPEA CONTRA UN COMPAÑERO MIENTRAS NADABA Y SE LESIONA DEDO MEÑIQUE PIE DERECHO Y LATERAL DE ESE PIE, MUY INFLAMADO;VARIOS;CONTUSION PIE;VARIOS;;-;420.0000;-;-;-;
CICLGAL24//329228/1;EVEREST INSURANCE (IRELAND)DAC, SUCURSAL EN ESPAÑA;2024-01-25 00:00:00.000;2024-01-25 00:00:00.000;Positivo en curso;EVEREST;LA CORUÑA;;VARIAS ESPECIALIDADES;Tuvo una caída en el monte en Arteixo, había gravilla y palos mojados y le resbalo la rueda delantera y se le giró la rodilla derecha. Torsión forzada. Lo dejó pasar pero sigue con molestias.;VARIOS;LUXACION RODILLA;VARIOS;;-;6500.0000;-;-;-;
CICLGAL24//551236/1;EVEREST INSURANCE (IRELAND)DAC, SUCURSAL EN ESPAÑA;2024-01-28 00:00:00.000;2024-01-28 00:00:00.000;Nuevo (Pendiente de Primera Cita);EVEREST;LA CORUÑA;;VARIAS ESPECIALIDADES;Lo atropella un coche y tiene lesionado todo el lateral izquierdo. No sabe alcance de las lesiones. En el momento de la llamada lo están evacuando al Modelo en Coruña. Se escucha muy mal la llamada. Vehículo identificado. Le explico que debe ir U. trafico;VARIOS;CONTUSION COSTAL/DORSAL;VARIOS;;-;420.0000;-;-;-;
CICLGAL24//640394/1;EVEREST INSURANCE (IRELAND)DAC, SUCURSAL EN ESPAÑA;2024-01-19 00:00:00.000;2024-01-19 00:00:00.000;Nuevo (Pendiente de Primera Cita);EVEREST;LA CORUÑA;;VARIAS ESPECIALIDADES;LE ROMPIÓ LA CADENA Y CAYÓ DE RODILLAS, TIENE LA RODILLA IZQUIERDA INFLAMADA Y CON DOLOR, Y ALGÚN ESTALLIDO.;VARIOS;CONTUSION RODILLA;VARIOS;;-;420.0000;-;-;-;
CICLGAL24//640438/1;EVEREST INSURANCE (IRELAND)DAC, SUCURSAL EN ESPAÑA;2024-01-19 00:00:00.000;2024-01-19 00:00:00.000;Positivo en curso;EVEREST;PONTEVEDRA;Redondela;VARIAS ESPECIALIDADES;Llaman del club, un vehículo frena, al evitar chocar con el coche se cae y le duele la zona del brazo (creen que derecho);VARIOS;FRACTURA CLAVICULA;VARIOS;;-;4650.0000;-;-;-;
CICLGAL24//640628/1;EVEREST INSURANCE (IRELAND)DAC, SUCURSAL EN ESPAÑA;2024-01-20 00:00:00.000;2024-01-20 00:00:00.000;Positivo en curso;EVEREST;LA CORUÑA;Santiago de Compostela;VARIAS ESPECIALIDADES;en entrenamiento, por pista en medio del monte toca una piedra con rueda delantera, se desastabiliza y se cae, cree que tiene muñeca derecha rota, mucho dolor en costado izquierdo y pierna izquierda;VARIOS;FRACTURA FALANGES, MANO;VARIOS;;-;4650.0000;-;-;-;
CICLGAL24//640637/1;EVEREST INSURANCE (IRELAND)DAC, SUCURSAL EN ESPAÑA;2024-01-20 00:00:00.000;2024-01-20 00:00:00.000;Positivo en curso;EVEREST;PONTEVEDRA;Silleda;VARIAS ESPECIALIDADES;BAIXANDO X CARRETERA PILLOU CHARCO CONXELADO E CAEU, FIXOSE DAÑO NA MUÑECA ESQUERDA, E MAGULLADO POLO CORPO;VARIOS;CONTUSION MANO/MUÑECA/DEDO;VARIOS;;-;250.0000;-;-;-;
CICLGAL24//331493/1;EVEREST INSURANCE (IRELAND)DAC, SUCURSAL EN ESPAÑA;2024-01-28 00:00:00.000;2024-01-28 00:00:00.000;Positivo en curso;EVEREST;PONTEVEDRA;;VARIAS ESPECIALIDADES;se cae de la bici y le duelen las costillas y el hombro derecho;VARIOS;CONTUSION COSTAL/DORSAL;VARIOS;;-;420.0000;-;-;-;
TRIAVAS24//427818/1;EVEREST INSURANCE (IRELAND)DAC, SUCURSAL EN ESPAÑA;2024-02-17 00:00:00.000;2024-02-17 00:00:00.000;Positivo en curso;EVEREST;GUIPUZCOA;;VARIAS ESPECIALIDADES;SE LE PARTE LA BICI Y SE DA DE MORROS  CON SUELO - HERIDA ABIERTA EN CARA Y DOLOR CLAVICULAS;VARIOS;;VARIOS;;-;;-;-;-;
NATAGAL23//628413/1;EVEREST INSURANCE (IRELAND)DAC, SUCURSAL EN ESPAÑA;2023-11-26 00:00:00.000;2023-11-26 00:00:00.000;Positivo en curso;EVEREST;PONTEVEDRA;Vigo;VARIAS ESPECIALIDADES;en una jugada se golepa con otra compañera y se hace daño en un dedo de la mano izquierda porque se le fue hacia atras;VARIOS;ESGUINCE DEDO;VARIOS;;-;420.0000;-;-;-;
TAEKGAL24//636620/1;EVEREST INSURANCE (IRELAND)DAC, SUCURSAL EN ESPAÑA;2024-01-03 00:00:00.000;2024-01-03 00:00:00.000;Positivo en curso;EVEREST;LA CORUÑA;La Coruña;VARIAS ESPECIALIDADES;En entrenamiento, al hacer un giro, pisó mal y se hizo daño en la parte posterior de la rodilla externa.;VARIOS;LESION LIGAMENTOS;VARIOS;;-;6500.0000;-;-;-;
SURFAST24//641655/1;EVEREST INSURANCE (IRELAND)DAC, SUCURSAL EN ESPAÑA;2024-01-24 00:00:00.000;2024-01-24 00:00:00.000;Positivo en curso;EVEREST;ASTURIAS;Gijon;VARIAS ESPECIALIDADES;ESTABA SURFEANDO, PASANDO UNAS OLAS, LA TABLA DEL CHICO DE ENFRENTE SALIO DISPARADA Y LE DAÑÓ LA NARIZ.;VARIOS;CONTUSION CARA/CABEZA;VARIOS;;-;300.0000;-;-;-;
NATAGAL23//630530/1;EVEREST INSURANCE (IRELAND)DAC, SUCURSAL EN ESPAÑA;2023-12-05 00:00:00.000;2023-12-05 00:00:00.000;Positivo en curso;EVEREST;PONTEVEDRA;;VARIAS ESPECIALIDADES;Al salir de la piscina, resbaló y se clavó la barandilla de la piscina. Cae encima de ella y se hace daño en el costillar izquierdo.;VARIOS;CONTUSION COSTAL/DORSAL;VARIOS;;-;420.0000;-;-;-;
CICLNAV24//644949/1;EVEREST INSURANCE (IRELAND)DAC, SUCURSAL EN ESPAÑA;2024-02-06 00:00:00.000;2024-02-06 00:00:00.000;Positivo en curso;EVEREST;NAVARRA;Mendavia;VARIAS ESPECIALIDADES;ENTRENAMIENTO. SE LE QUEDA EL PIE DERECHO ENGANCHADO EN LA CALA Y SE CAE. MOLESTIAS TOBILLO DERECHO;VARIOS;ESGUINCE TOBILLO;VARIOS;;-;420.0000;-;-;-;
CICLGAL24//638943/1;EVEREST INSURANCE (IRELAND)DAC, SUCURSAL EN ESPAÑA;2024-01-14 00:00:00.000;2024-01-14 00:00:00.000;Nuevo (Pendiente de Primera Cita);EVEREST;LUGO;Monforte de Lemos;VARIAS ESPECIALIDADES;Entrenamiento. Circulaba por la vía principal, vehículo se incorpora a la carretera y le golpea. Molestias en la zona costado izq, lumbares y cadera, rodilla izq;VARIOS;CONTUSION CADERA;VARIOS;;-;420.0000;-;-;-;
CICLGAL24//639077/1;EVEREST INSURANCE (IRELAND)DAC, SUCURSAL EN ESPAÑA;2024-01-15 00:00:00.000;2024-01-15 00:00:00.000;Positivo en curso;EVEREST;ORENSE;;VARIAS ESPECIALIDADES;En entrenamiento, se da un golpe con rodilla D con el cuadro de la bici.;VARIOS;CONTUSION RODILLA;VARIOS;;-;420.0000;-;-;-;
TAEKGAL24//642200/1;EVEREST INSURANCE (IRELAND)DAC, SUCURSAL EN ESPAÑA;2024-01-26 00:00:00.000;2024-01-26 00:00:00.000;Positivo en curso;EVEREST;ORENSE;;VARIAS ESPECIALIDADES;En entrenamiento, en combate ella misma se luxa el dedo indice con la ropa de mano derecha;VARIOS;ESGUINCE DEDO;VARIOS;;-;420.0000;-;-;-;
CICLGAL24//642206/1;EVEREST INSURANCE (IRELAND)DAC, SUCURSAL EN ESPAÑA;2024-01-27 00:00:00.000;2024-01-27 00:00:00.000;Positivo en curso;EVEREST;PONTEVEDRA;;VARIAS ESPECIALIDADES;Una caída en bicicleta, sale hacia delante y apoya la mano izquierda y le duele. Fue al Cunqueiro. Tiene Fx de radio.;VARIOS;FRACTURA HUMERO/CUBITO/RADIO;VARIOS;;-;6500.0000;-;-;-;
NATAGAL23//640677/1;EVEREST INSURANCE (IRELAND)DAC, SUCURSAL EN ESPAÑA;2024-01-21 00:00:00.000;2024-01-21 00:00:00.000;Positivo en curso;EVEREST;PONTEVEDRA;;VARIAS ESPECIALIDADES;Estaba en competición, saliendo de calentar, subiendo a las gradas se resbala y cae. Daño en muñeca I;VARIOS;ESGUINCE MUÑECA/MANO;VARIOS;;-;420.0000;-;-;-;
CICLGAL24//640697/1;EVEREST INSURANCE (IRELAND)DAC, SUCURSAL EN ESPAÑA;2024-01-21 00:00:00.000;2024-01-21 00:00:00.000;Positivo en curso;EVEREST;LUGO;;VARIAS ESPECIALIDADES;En entreno en grupo, pasa por zona algo encharcada (carretera), frena algo, se le fue la bici de delante, al caer, cae sobre brazo/hombro D. A medida que pasa el tiempo, pierde movilidad en hombro.;VARIOS;LUXACION HOMBRO;VARIOS;;-;6500.0000;-;-;-;
TRIAVAS24//647073/1;EVEREST INSURANCE (IRELAND)DAC, SUCURSAL EN ESPAÑA;2024-02-14 00:00:00.000;2024-02-14 00:00:00.000;Positivo en curso;EVEREST;ALAVA;;VARIAS ESPECIALIDADES;ENTRENAMIENTO. IBA EN BICI, EN UNA CUESTA, LA RUEDA DE LA BICI IBA DURA EN PIÑON FIJO, AL NO PODER SUBIR QUIERE QUITAR LA CALA Y SE CAE APOYANDO LA MANO IZQUIERDA MAL Y GOLPE EN EL MUSLO IZQ;VARIOS;ESGUINCE MUÑECA/MANO;VARIOS;;-;420.0000;-;-;-;
SURFAST24//638634/1;EVEREST INSURANCE (IRELAND)DAC, SUCURSAL EN ESPAÑA;2024-01-12 00:00:00.000;2024-01-12 00:00:00.000;Nuevo (Pendiente de Primera Cita);EVEREST;ASTURIAS;;VARIAS ESPECIALIDADES;estaba surfeando y hace un giro y le empieza a doler la espalda y le irradia hasta la pierna izquierda;VARIOS;LUMBALGIA;VARIOS;;-;420.0000;-;-;-;
CICLGAL24//98207/1;EVEREST INSURANCE (IRELAND)DAC, SUCURSAL EN ESPAÑA;2024-01-21 00:00:00.000;2024-01-21 00:00:00.000;Positivo en curso;EVEREST;LA CORUÑA;;VARIAS ESPECIALIDADES;Carrera, caída en terreno. Le pusieron grapas en el punto de atención. Dolor en rodilla D y tibia,;VARIOS;CONTUSION RODILLA;VARIOS;;-;420.0000;-;-;-;
CICLNAV24//614857/1;EVEREST INSURANCE (IRELAND)DAC, SUCURSAL EN ESPAÑA;2024-01-22 00:00:00.000;2024-01-22 00:00:00.000;Nuevo (Pendiente de Primera Cita);EVEREST;NAVARRA;Pamplona;VARIAS ESPECIALIDADES;EN ROTONDA SE PEGA GOLPE CONTRA UN COCHE - GOLPE CLAVICULA DERECHA FRACTURADA OTRA VEZ SEGUN DICE LA MADRE- CULPABLE EN EL SINIESTRO;VARIOS;LUXACION CLAVICULA;VARIOS;;-;4650.0000;-;-;-;
TRIAVAS24//642931/1;EVEREST INSURANCE (IRELAND)DAC, SUCURSAL EN ESPAÑA;2024-01-30 00:00:00.000;2024-01-30 00:00:00.000;Nuevo (Pendiente de Primera Cita);EVEREST;GUIPUZCOA;;VARIAS ESPECIALIDADES;entrenamiento. Iba en bici  y no se cae ni recibe golpe. le salen moretones después de ir mucho tiempo en bici sin razón alguna;VARIOS;CONTUSION RODILLA;VARIOS;;-;420.0000;-;-;-;
TRIAVAS24//642931/2;EVEREST INSURANCE (IRELAND)DAC, SUCURSAL EN ESPAÑA;2024-02-11 00:00:00.000;2024-02-11 00:00:00.000;Positivo en curso;EVEREST;GUIPUZCOA;Irun;VARIAS ESPECIALIDADES;IBA EN BICI Y CAE POR EL VIENTO- DAÑO EN  HOMBRO IZQUIERDO Y TOBILLO DERECHO;VARIOS;CONTUSION PIE;VARIOS;;-;420.0000;-;-;-;
NATAGAL23//644517/1;EVEREST INSURANCE (IRELAND)DAC, SUCURSAL EN ESPAÑA;2024-02-05 00:00:00.000;2024-02-05 00:00:00.000;Positivo en curso;EVEREST;LA CORUÑA;;VARIAS ESPECIALIDADES;En partido, le dieron un codazo en parrilla costal (no sabe cual).;VARIOS;CONTUSION COSTAL/DORSAL;VARIOS;;-;420.0000;-;-;-;
CICLGAL24//644520/1;EVEREST INSURANCE (IRELAND)DAC, SUCURSAL EN ESPAÑA;2024-02-05 00:00:00.000;2024-02-05 00:00:00.000;Positivo en curso;EVEREST;PONTEVEDRA;;VARIAS ESPECIALIDADES;En entrenamiento - descolgó un hombro izquierdo - iba en bajada en monte y se sale de ruta y se fue contra un arbol - no podía respirar y llaman a la ambulancia estaba solo en el momento del accidente;VARIOS;LUXACION HOMBRO;VARIOS;;-;6500.0000;-;-;-;
CICLGAL24//647138/1;EVEREST INSURANCE (IRELAND)DAC, SUCURSAL EN ESPAÑA;2024-02-15 00:00:00.000;2024-02-15 00:00:00.000;Positivo en curso;EVEREST;PONTEVEDRA;;VARIAS ESPECIALIDADES;Se le fue la rueda delantera y se cayó en una zona de hierba y quedó el manillar colocado debajo de las costillas y se golpeó el hombro derecho. Se quedó sin respiración al principio pero pensó que le pasaría. Hoy sigue con mucho dolor en el costado.;VARIOS;;VARIOS;;-;;-;-;-;
CICLGAL24//647469/1;EVEREST INSURANCE (IRELAND)DAC, SUCURSAL EN ESPAÑA;2024-02-15 00:00:00.000;2024-02-15 00:00:00.000;Positivo en curso;EVEREST;PONTEVEDRA;;VARIAS ESPECIALIDADES;BICI DE MONTAÑA, CAE HACIA DELANTE CONTRA UNOS TOXOS, SE HACE DAÑO CODO DERECHO + TOBILLO DERECHO;VARIOS;CONTUSION PIE;VARIOS;;-;420.0000;-;-;-;
CICLNAV24//647750/1;EVEREST INSURANCE (IRELAND)DAC, SUCURSAL EN ESPAÑA;2024-02-17 00:00:00.000;2024-02-17 00:00:00.000;Positivo en curso;EVEREST;NAVARRA;;VARIAS ESPECIALIDADES;En entreno se cae con compañero - caen enganchandose - todo el cuerpo;VARIOS;;VARIOS;;-;;-;-;-;
CICLGAL24//646302/1;EVEREST INSURANCE (IRELAND)DAC, SUCURSAL EN ESPAÑA;2024-02-12 00:00:00.000;2024-02-12 00:00:00.000;Positivo en curso;EVEREST;PONTEVEDRA;Ponteareas;VARIAS ESPECIALIDADES;Golpe en la cabeza, daños en muñeca derecha, caida en bici el solo. No me facilita más datos, solo quiere que le digamos a donde dirigirse;VARIOS;;VARIOS;;-;420.0000;-;-;-;
TRIAVAS24//643846/1;EVEREST INSURANCE (IRELAND)DAC, SUCURSAL EN ESPAÑA;2024-02-01 00:00:00.000;2024-02-01 00:00:00.000;Positivo en curso;EVEREST;ALAVA;;VARIAS ESPECIALIDADES;Corriendo en un circuito y al dar uno de los giros apoyó el pie mal porque es un terreno irregular y nota un dolor en la rodilla izquierda. Y tuvo que parar. Al día siguiente estaba hinchado y cojo.;VARIOS;ESGUINCE RODILLA;VARIOS;;-;420.0000;-;-;-;
NATAGAL23//621144/1;EVEREST INSURANCE (IRELAND)DAC, SUCURSAL EN ESPAÑA;2023-11-01 00:00:00.000;2023-11-01 00:00:00.000;Nuevo (Pendiente de Primera Cita);EVEREST;LA CORUÑA;;VARIAS ESPECIALIDADES;En el entrenamiento en seco, tocaba carrera de salida y ha roto el isquio de la pierna izquierda, de repente sitió un dolor y tuvo que tirarse al suelo.;VARIOS;LESION LIGAMENTOS;VARIOS;;-;6500.0000;-;-;-;
NATAGAL23//587195/1;EVEREST INSURANCE (IRELAND)DAC, SUCURSAL EN ESPAÑA;2023-11-09 00:00:00.000;2023-11-09 00:00:00.000;Positivo en curso;EVEREST;LA CORUÑA;;VARIAS ESPECIALIDADES;En entrenamiento en seco, estaba con las gomas y se lio pegó un traspiés y se cayó para evitar la caída hecho el brazo sobre unas barandillas que rodean una de las piscina. BRAZO DERECHO (duda el entrenador).;VARIOS;ESGUINCE HOMBRO/CODO;VARIOS;;-;420.0000;-;-;-;
CICLGAL24//646134/1;EVEREST INSURANCE (IRELAND)DAC, SUCURSAL EN ESPAÑA;2024-02-10 00:00:00.000;2024-02-10 00:00:00.000;Nuevo (Pendiente de Primera Cita);EVEREST;PONTEVEDRA;Vigo;VARIAS ESPECIALIDADES;SE CAE DE LA BICI DE CABEZA Y TIENE DOLOR EN CUELLO;VARIOS;CERVICALGIA;VARIOS;;-;420.0000;-;-;-;
CICLGAL24//591916/1;EVEREST INSURANCE (IRELAND)DAC, SUCURSAL EN ESPAÑA;2024-02-19 00:00:00.000;2024-02-19 00:00:00.000;Positivo en curso;EVEREST;LUGO;Lugo;VARIAS ESPECIALIDADES;I TROFEO MASTER CARREÑO (carrera fed española) - mano izq escayolada + rodilla inflamada (no ven fx pero no ha hecho RMN). Otro corredor lo saca de la vía y se da un golpe contra una farola;VARIOS;;VARIOS;;-;;-;-;-;
TRIAVAS24//217053/1;EVEREST INSURANCE (IRELAND)DAC, SUCURSAL EN ESPAÑA;2024-01-24 00:00:00.000;2024-01-24 00:00:00.000;Positivo en curso;EVEREST;ALAVA;Vitoria;VARIAS ESPECIALIDADES;estaba corriendo en grupo y no vio un pibote de piedra y se choco haciendose daño en las espinillas y rodilla izquierda. la herida no le paraba de sangrar;VARIOS;CONTUSION PIERNA;VARIOS;;-;420.0000;-;-;-;
CICLGAL24//640929/1;EVEREST INSURANCE (IRELAND)DAC, SUCURSAL EN ESPAÑA;2024-01-22 00:00:00.000;2024-01-22 00:00:00.000;Nuevo (Pendiente de Primera Cita);EVEREST;LA CORUÑA;Noya;VARIAS ESPECIALIDADES;Carrera, MARATÓN DE RESISTENCIA DE NOIA,  se le fue la rueda la rueda y cayó. Dolor en costado derecho y hombro d.;VARIOS;ESGUINCE HOMBRO/CODO;VARIOS;;-;420.0000;-;-;-;
CICLGAL24//104113/1;EVEREST INSURANCE (IRELAND)DAC, SUCURSAL EN ESPAÑA;2024-02-02 00:00:00.000;2024-02-02 00:00:00.000;Positivo en curso;EVEREST;PONTEVEDRA;;VARIAS ESPECIALIDADES;se cae con cabeza contra arbol en entreno;VARIOS;CERVICALGIA;VARIOS;;-;420.0000;-;-;-;
TRIAVAS24//236082/1;EVEREST INSURANCE (IRELAND)DAC, SUCURSAL EN ESPAÑA;2024-02-02 00:00:00.000;2024-02-02 00:00:00.000;Nuevo (Pendiente de Primera Cita);EVEREST;VIZCAYA;;VARIAS ESPECIALIDADES;ENTRENAMIENTO. Corriendo en la pista, nota un latigazo en la zona lumbar.;VARIOS;LUMBALGIA;VARIOS;;-;420.0000;-;-;-;
TRIAVAS24//458670/1;EVEREST INSURANCE (IRELAND)DAC, SUCURSAL EN ESPAÑA;2024-01-29 00:00:00.000;2024-01-29 00:00:00.000;Positivo en curso;EVEREST;VIZCAYA;;VARIAS ESPECIALIDADES;Entrenamiento. Circulaban por una carretera, en un ceda el paso hay una ambulancia, frenan bruscamente dandose un golpe en el coxis. Se cae al suelo con golpe en cadera y codo derecho;VARIOS;CONTUSION PIERNA;VARIOS;;-;420.0000;-;-;-;
NATAGAL23//617981/1;EVEREST INSURANCE (IRELAND)DAC, SUCURSAL EN ESPAÑA;2023-10-19 00:00:00.000;2023-10-19 00:00:00.000;Nuevo (Pendiente de Primera Cita);EVEREST;PONTEVEDRA;Pontevedra;VARIAS ESPECIALIDADES;Se dio un golpé con una compañera en la zona posterior del muslo izquierda;VARIOS;CONTUSION PIERNA;VARIOS;;-;420.0000;-;-;-;
CICLGAL24//610142/1;EVEREST INSURANCE (IRELAND)DAC, SUCURSAL EN ESPAÑA;2024-02-11 00:00:00.000;2024-02-11 00:00:00.000;Positivo en curso;EVEREST;LA CORUÑA;;VARIAS ESPECIALIDADES;3 h de resistencia Vilagarcía- HOMBRO IZQUIERDO CAE DE LA BICI;VARIOS;CONTUSION BRAZO/ANTEBRAZO;VARIOS;;-;250.0000;-;-;-;
CICLGAL24//637681/1;EVEREST INSURANCE (IRELAND)DAC, SUCURSAL EN ESPAÑA;2024-01-09 00:00:00.000;2024-01-09 00:00:00.000;Positivo en curso;EVEREST;PONTEVEDRA;Portas;VARIAS ESPECIALIDADES;En entrenamiento, había palos mojados en la carretera y se cayó. Dolor en costado y cadera izquierda.;VARIOS;CONTUSION CADERA;VARIOS;;-;420.0000;-;-;-;
CICLNAV24//562680/1;EVEREST INSURANCE (IRELAND)DAC, SUCURSAL EN ESPAÑA;2024-02-14 00:00:00.000;2024-02-14 00:00:00.000;Positivo en curso;EVEREST;NAVARRA;Pamplona;VARIAS ESPECIALIDADES;BAJANDO UN PUERTO SE CAE, CLAVICULA NO SABE CUAL ES;VARIOS;LUXACION CLAVICULA;VARIOS;;-;4650.0000;-;-;-;
NATAGAL23//164163/1;EVEREST INSURANCE (IRELAND)DAC, SUCURSAL EN ESPAÑA;2023-12-14 00:00:00.000;2023-12-14 00:00:00.000;Nuevo (Pendiente de Primera Cita);EVEREST;PONTEVEDRA;;VARIAS ESPECIALIDADES;En entrenamiento de aletas, al hacer volteos en la pared sintió molestia en el gemelo de la pierna derecha y tobillo. Fue el contra la pared.;VARIOS;CONTUSION PIERNA;VARIOS;;-;420.0000;-;-;-;
NATAGAL23//489743/1;EVEREST INSURANCE (IRELAND)DAC, SUCURSAL EN ESPAÑA;2024-01-14 00:00:00.000;2024-01-14 00:00:00.000;Positivo en curso;EVEREST;LA CORUÑA;La Coruña;VARIAS ESPECIALIDADES;Arbitrando en un partido en Lugo, están alrededor de la piscina, resbaló, quiso apoyar el pie derecho y lo torció.;VARIOS;ESGUINCE TOBILLO;VARIOS;;-;420.0000;-;-;-;
CICLGAL24//352322/1;EVEREST INSURANCE (IRELAND)DAC, SUCURSAL EN ESPAÑA;2024-01-21 00:00:00.000;2024-01-21 00:00:00.000;Nuevo (Pendiente de Primera Cita);EVEREST;LA CORUÑA;;VARIAS ESPECIALIDADES;CARRERA BTT NOIA RESISTENCIA-  IBA CON LA BICI Y  A LA PRIMERA VUELTA TUVO QUE PARAR , TENIA MUCHA CALOR , IBA MAREADO Y CON  TAQUICARDIA- NO SE CAE NI NADA  - EN AMBULANCIA  LE DICEN QUE TIENE LA TENSION BAJA Y QUE LE DUELE MUCHO EL PECHO.;VARIOS;CEFALEA;VARIOS;;-;300.0000;-;-;-;
SURFAST24//639858/1;EVEREST INSURANCE (IRELAND)DAC, SUCURSAL EN ESPAÑA;2024-01-17 00:00:00.000;2024-01-17 00:00:00.000;Positivo en curso;EVEREST;LAS PALMAS;;VARIAS ESPECIALIDADES;estaba surfeado, se da u golpe contra la tabla se le pliega la rodilla izquierda y le duele la zona de rodilla y gemelo;VARIOS;CONTUSION RODILLA;VARIOS;;-;420.0000;-;-;-;
NATAGAL23//572996/1;EVEREST INSURANCE (IRELAND)DAC, SUCURSAL EN ESPAÑA;2024-01-09 00:00:00.000;2024-01-09 00:00:00.000;Positivo en curso;EVEREST;LA CORUÑA;;VARIAS ESPECIALIDADES;recibe un golpe en el oído por parte de otro jugador;VARIOS;CONTUSION CARA/CABEZA;VARIOS;;-;300.0000;-;-;-;
